{"parent":"minecraft:block/thin_block","textures":{"particle":"farmersdelight:block/canvas_rug","body":"farmersdelight:block/canvas_rug","extrudes":"farmersdelight:block/canvas_rug_extrudes"},"elements":[{"from":[0.0,0.0,0.0],"to":[16.0,1.0,16.0],"faces":{"north":{"uv":[0.0,1.0,16.0,2.0],"texture":"#body"},"east":{"uv":[0.0,1.0,16.0,2.0],"texture":"#body"},"south":{"uv":[0.0,1.0,16.0,2.0],"texture":"#body"},"west":{"uv":[0.0,1.0,16.0,2.0],"texture":"#body"},"up":{"uv":[0.0,0.0,16.0,16.0],"texture":"#body"},"down":{"uv":[0.0,16.0,16.0,0.0],"texture":"#body"}}},{"from":[0.0,0.999,-8.0],"to":[16.0,0.999,0.0],"faces":{"up":{"uv":[0.0,0.0,16.0,8.0],"texture":"#extrudes","cullface":"north","rotation":180},"down":{"uv":[0.0,8.0,16.0,0.0],"texture":"#extrudes","cullface":"north","rotation":180}}},{"from":[16.0,0.999,0.0],"to":[24.0,0.999,16.0],"faces":{"up":{"uv":[0.0,8.0,16.0,16.0],"texture":"#extrudes","cullface":"east","rotation":270},"down":{"uv":[0.0,0.0,16.0,8.0],"texture":"#extrudes","cullface":"east","rotation":270}}},{"from":[0.0,0.999,16.0],"to":[16.0,0.999,24.0],"faces":{"up":{"uv":[0.0,8.0,16.0,16.0],"texture":"#extrudes","cullface":"south"},"down":{"uv":[0.0,16.0,16.0,8.0],"texture":"#extrudes","cullface":"south"}}},{"from":[-8.0,0.999,0.0],"to":[0.0,0.999,16.0],"faces":{"up":{"uv":[0.0,0.0,16.0,8.0],"texture":"#extrudes","cullface":"west","rotation":90},"down":{"uv":[0.0,8.0,16.0,16.0],"texture":"#extrudes","cullface":"west","rotation":90}}}]}