{"textures":{"particle":"farmersdelight:block/chocolate_pie_top","bottom":"farmersdelight:block/pie_bottom","inner":"farmersdelight:block/chocolate_pie_inner","side":"farmersdelight:block/pie_side","top":"farmersdelight:block/chocolate_pie_top"},"elements":[{"from":[2.0,0.0,2.0],"to":[14.0,4.0,8.0],"faces":{"north":{"uv":[2.0,12.0,14.0,16.0],"texture":"#side"},"east":{"uv":[8.0,12.0,14.0,16.0],"texture":"#side"},"south":{"uv":[2.0,12.0,14.0,16.0],"texture":"#inner"},"west":{"uv":[2.0,12.0,8.0,16.0],"texture":"#side"},"up":{"uv":[2.0,2.0,14.0,8.0],"texture":"#top"},"down":{"uv":[2.0,8.0,14.0,14.0],"texture":"#bottom","cullface":"down"}}},{"from":[6.0,4.0,6.0],"to":[10.0,5.0,8.0],"faces":{"north":{"uv":[6.0,11.0,10.0,12.0],"texture":"#inner"},"east":{"uv":[8.0,11.0,10.0,12.0],"texture":"#inner"},"south":{"uv":[6.0,11.0,10.0,12.0],"texture":"#inner"},"west":{"uv":[6.0,11.0,8.0,12.0],"texture":"#inner"},"up":{"uv":[6.0,7.0,10.0,9.0],"texture":"#inner"}}}]}