{"parent":"minecraft:block/block","textures":{"top":"farmersdelight:block/cooking_pot_top","particle":"farmersdelight:block/cooking_pot_side","side":"farmersdelight:block/cooking_pot_side","parts":"farmersdelight:block/cooking_pot_parts","bottom":"farmersdelight:block/cooking_pot_bottom"},"elements":[{"from":[2.0,0.0,2.0],"to":[14.0,10.0,14.0],"faces":{"north":{"uv":[2.0,6.0,14.0,16.0],"texture":"#side"},"east":{"uv":[2.0,6.0,14.0,16.0],"texture":"#side"},"south":{"uv":[2.0,6.0,14.0,16.0],"texture":"#side"},"west":{"uv":[2.0,6.0,14.0,16.0],"texture":"#side"},"up":{"uv":[2.0,2.0,14.0,14.0],"texture":"#top"},"down":{"uv":[2.0,2.0,14.0,14.0],"texture":"#bottom","cullface":"down"}}},{"from":[7.0,3.0,7.0],"to":[9.0,15.0,9.0],"rotation":{"angle":-22.5,"axis":"z","origin":[8.0,3.0,8.0]},"faces":{"north":{"uv":[2.0,2.0,0.0,14.0],"texture":"#parts"},"east":{"uv":[0.0,2.0,2.0,14.0],"texture":"#parts"},"south":{"uv":[2.0,2.0,0.0,14.0],"texture":"#parts"},"west":{"uv":[0.0,2.0,2.0,14.0],"texture":"#parts"},"up":{"uv":[0.0,0.0,2.0,2.0],"texture":"#parts"},"down":{"uv":[0.0,0.0,2.0,2.0],"texture":"#parts"}}},{"from":[14.0,7.0,5.0],"to":[16.0,9.0,11.0],"faces":{"north":{"uv":[10.0,0.0,12.0,2.0],"texture":"#parts"},"east":{"uv":[4.0,2.0,10.0,4.0],"texture":"#parts"},"south":{"uv":[2.0,0.0,4.0,2.0],"texture":"#parts"},"up":{"uv":[4.0,0.0,10.0,2.0],"texture":"#parts","rotation":90},"down":{"uv":[4.0,2.0,10.0,4.0],"texture":"#parts","rotation":90}}},{"from":[0.0,7.0,5.0],"to":[2.0,9.0,11.0],"faces":{"north":{"uv":[2.0,0.0,4.0,2.0],"texture":"#parts"},"south":{"uv":[10.0,0.0,12.0,2.0],"texture":"#parts"},"west":{"uv":[4.0,2.0,10.0,4.0],"texture":"#parts"},"up":{"uv":[4.0,0.0,10.0,2.0],"texture":"#parts","rotation":270},"down":{"uv":[4.0,2.0,10.0,4.0],"texture":"#parts","rotation":270}}}]}