{"textures":{"particle":"#cross"},"elements":[{"from":[0.8,-1.0,8.0],"to":[15.2,15.0,8.0],"rotation":{"angle":45.0,"axis":"y","origin":[8.0,8.0,8.0],"rescale":true},"faces":{"north":{"uv":[0.0,0.0,16.0,16.0],"texture":"#cross"},"south":{"uv":[0.0,0.0,16.0,16.0],"texture":"#cross"}},"shade":false},{"from":[8.0,-1.0,0.8],"to":[8.0,15.0,15.2],"rotation":{"angle":45.0,"axis":"y","origin":[8.0,8.0,8.0],"rescale":true},"faces":{"west":{"uv":[0.0,0.0,16.0,16.0],"texture":"#cross"},"east":{"uv":[0.0,0.0,16.0,16.0],"texture":"#cross"}},"shade":false}],"ambientocclusion":false}