{"parent":"minecraft:block/thin_block","textures":{"particle":"farmersdelight:block/cutting_board","top":"farmersdelight:block/cutting_board"},"elements":[{"from":[13.0,0.0,1.0],"to":[15.0,1.0,15.0],"faces":{"north":{"uv":[13.0,1.0,15.0,2.0],"texture":"#top"},"east":{"uv":[1.0,1.0,15.0,2.0],"texture":"#top"},"south":{"uv":[13.0,14.0,15.0,15.0],"texture":"#top"},"west":{"uv":[1.0,2.0,15.0,3.0],"texture":"#top"},"up":{"uv":[13.0,1.0,15.0,15.0],"texture":"#top"},"down":{"uv":[13.0,1.0,15.0,15.0],"texture":"#top"}}},{"from":[1.0,0.0,1.0],"to":[12.0,1.0,15.0],"faces":{"north":{"uv":[1.0,1.0,12.0,2.0],"texture":"#top"},"east":{"uv":[0.0,13.0,14.0,14.0],"texture":"#top"},"south":{"uv":[1.0,14.0,12.0,15.0],"texture":"#top"},"west":{"uv":[1.0,14.0,15.0,15.0],"texture":"#top"},"up":{"uv":[1.0,1.0,12.0,15.0],"texture":"#top"},"down":{"uv":[1.0,1.0,12.0,15.0],"texture":"#top"}}},{"from":[12.0,0.0,1.0],"to":[13.0,1.0,6.0],"faces":{"north":{"uv":[12.0,1.0,13.0,2.0],"texture":"#top"},"south":{"uv":[12.0,5.0,13.0,6.0],"texture":"#top"},"up":{"uv":[12.0,1.0,13.0,6.0],"texture":"#top"},"down":{"uv":[12.0,10.0,13.0,15.0],"texture":"#top"}}},{"from":[12.0,0.0,10.0],"to":[13.0,1.0,15.0],"faces":{"north":{"uv":[12.0,10.0,13.0,11.0],"texture":"#top"},"south":{"uv":[12.0,14.0,13.0,15.0],"texture":"#top"},"up":{"uv":[12.0,10.0,13.0,15.0],"texture":"#top"},"down":{"uv":[12.0,1.0,13.0,6.0],"texture":"#top"}}}]}