{"parent":"minecraft:block/block","textures":{"particle":"farmersdelight:block/honey_glazed_ham_body","ham":"farmersdelight:block/honey_glazed_ham_body","bone":"farmersdelight:block/honey_glazed_ham_bone","tray_top":"farmersdelight:block/tray_rice_berry_garnish","tray_side":"farmersdelight:block/tray_bottom"},"elements":[{"from":[1.0,0.0,1.0],"to":[15.0,2.0,15.0],"faces":{"north":{"uv":[1.0,11.0,15.0,13.0],"texture":"#tray_side"},"east":{"uv":[1.0,11.0,15.0,13.0],"texture":"#tray_side"},"south":{"uv":[1.0,11.0,15.0,13.0],"texture":"#tray_side"},"west":{"uv":[1.0,11.0,15.0,13.0],"texture":"#tray_side"},"up":{"uv":[1.0,1.0,15.0,15.0],"texture":"#tray_top"},"down":{"uv":[1.0,1.0,15.0,15.0],"texture":"#tray_side","cullface":"down"}}},{"from":[4.0,2.0,4.0],"to":[12.0,4.0,12.0],"faces":{"north":{"uv":[8.0,6.0,16.0,8.0],"texture":"#ham","rotation":180},"east":{"uv":[8.0,8.0,6.0,16.0],"texture":"#ham","rotation":90},"south":{"uv":[8.0,13.0,16.0,15.0],"texture":"#ham"},"west":{"uv":[6.0,8.0,8.0,16.0],"texture":"#ham","rotation":270},"up":{"uv":[8.0,8.0,16.0,16.0],"texture":"#ham"}}},{"from":[7.0,4.0,7.0],"to":[9.0,8.0,9.0],"faces":{"north":{"uv":[0.0,2.0,2.0,6.0],"texture":"#bone","rotation":180},"east":{"uv":[6.0,0.0,2.0,2.0],"texture":"#bone","rotation":90},"south":{"uv":[0.0,6.0,2.0,2.0],"texture":"#bone"},"west":{"uv":[2.0,0.0,6.0,2.0],"texture":"#bone","rotation":270},"up":{"uv":[0.0,0.0,2.0,2.0],"texture":"#bone"},"down":{"uv":[0.0,0.0,2.0,2.0],"texture":"#bone","rotation":180}}}]}