{"elements":[{"from":[2.0,0.0,8.0],"to":[8.0,4.0,14.0],"faces":{"east":{"uv":[2.0,12.0,8.0,16.0],"texture":"#inner"},"south":{"uv":[2.0,12.0,8.0,16.0],"texture":"#side"},"west":{"uv":[8.0,12.0,14.0,16.0],"texture":"#side"},"up":{"uv":[2.0,8.0,8.0,14.0],"texture":"#top"},"down":{"uv":[2.0,2.0,8.0,8.0],"texture":"#bottom","cullface":"down"}}},{"from":[2.0,0.0,2.0],"to":[14.0,4.0,8.0],"faces":{"north":{"uv":[2.0,12.0,14.0,16.0],"texture":"#side"},"east":{"uv":[8.0,12.0,14.0,16.0],"texture":"#side"},"south":{"uv":[2.0,12.0,14.0,16.0],"texture":"#inner"},"west":{"uv":[2.0,12.0,8.0,16.0],"texture":"#side"},"up":{"uv":[2.0,2.0,14.0,8.0],"texture":"#top"},"down":{"uv":[2.0,8.0,14.0,14.0],"texture":"#bottom","cullface":"down"}}}]}