{"textures":{"tray_top":"farmersdelight:block/tray_top","particle":"farmersdelight:block/tray_top","tray_bottom":"farmersdelight:block/tray_bottom"},"elements":[{"from":[1.0,0.0,1.0],"to":[15.0,2.0,15.0],"faces":{"north":{"uv":[1.0,11.0,15.0,13.0],"texture":"#tray_bottom"},"east":{"uv":[1.0,11.0,15.0,13.0],"texture":"#tray_bottom"},"south":{"uv":[1.0,11.0,15.0,13.0],"texture":"#tray_bottom"},"west":{"uv":[1.0,11.0,15.0,13.0],"texture":"#tray_bottom"},"up":{"uv":[1.0,1.0,15.0,15.0],"texture":"#tray_top"},"down":{"uv":[1.0,1.0,15.0,15.0],"texture":"#tray_top"}}}]}