{"textures":{"tray_top":"farmersdelight:block/tray_top","food":"farmersdelight:block/rice_roll_medley","particle":"farmersdelight:block/rice_roll_medley","tray_bottom":"farmersdelight:block/tray_bottom"},"elements":[{"from":[1.0,0.0,1.0],"to":[15.0,2.0,15.0],"faces":{"north":{"uv":[1.0,11.0,15.0,13.0],"texture":"#tray_bottom"},"east":{"uv":[1.0,11.0,15.0,13.0],"texture":"#tray_bottom"},"south":{"uv":[1.0,11.0,15.0,13.0],"texture":"#tray_bottom"},"west":{"uv":[1.0,11.0,15.0,13.0],"texture":"#tray_bottom"},"up":{"uv":[1.0,1.0,15.0,15.0],"texture":"#tray_top"},"down":{"uv":[1.0,1.0,15.0,15.0],"texture":"#tray_top"}}},{"from":[2.0,2.0,9.0],"to":[4.0,4.0,14.0],"faces":{"north":{"uv":[8.0,6.0,10.0,8.0],"texture":"#food"},"east":{"uv":[10.0,1.0,15.0,3.0],"texture":"#food"},"south":{"uv":[8.0,6.0,10.0,8.0],"texture":"#food"},"west":{"uv":[10.0,1.0,15.0,3.0],"texture":"#food"},"up":{"uv":[8.0,1.0,10.0,6.0],"texture":"#food"},"down":{"uv":[8.0,1.0,10.0,6.0],"texture":"#food"}}},{"from":[5.0,2.0,9.0],"to":[7.0,4.0,14.0],"faces":{"north":{"uv":[8.0,6.0,10.0,8.0],"texture":"#food"},"east":{"uv":[10.0,1.0,15.0,3.0],"texture":"#food"},"south":{"uv":[8.0,6.0,10.0,8.0],"texture":"#food"},"west":{"uv":[10.0,1.0,15.0,3.0],"texture":"#food"},"up":{"uv":[8.0,1.0,10.0,6.0],"texture":"#food"},"down":{"uv":[8.0,1.0,10.0,6.0],"texture":"#food"}}}]}