{"parent":"minecraft:block/block","textures":{"particle":"farmersdelight:block/roast_chicken_eaten","body":"farmersdelight:block/roast_chicken_eaten","gibs":"farmersdelight:block/roast_chicken_gibs","tray_bottom":"farmersdelight:block/tray_bottom","tray_top":"farmersdelight:block/tray_top_veggies"},"elements":[{"from":[4.0,2.0,8.0],"to":[12.0,9.0,12.0],"faces":{"north":{"uv":[8.0,1.0,16.0,8.0],"texture":"#body"},"east":{"uv":[0.0,9.0,4.0,16.0],"texture":"#body"},"south":{"uv":[8.0,9.0,16.0,16.0],"texture":"#body"},"west":{"uv":[4.0,9.0,0.0,16.0],"texture":"#body"},"up":{"uv":[0.0,4.0,8.0,8.0],"texture":"#body"}}},{"from":[2.0,5.0,9.0],"to":[4.0,8.0,13.0],"faces":{"north":{"uv":[12.0,13.0,14.0,16.0],"texture":"#gibs"},"east":{"uv":[8.0,13.0,12.0,16.0],"texture":"#gibs"},"south":{"uv":[14.0,13.0,16.0,16.0],"texture":"#gibs"},"west":{"uv":[12.0,13.0,8.0,16.0],"texture":"#gibs"},"up":{"uv":[12.0,9.0,14.0,13.0],"texture":"#gibs"},"down":{"uv":[14.0,9.0,16.0,13.0],"texture":"#gibs"}}},{"from":[12.0,5.0,9.0],"to":[14.0,8.0,13.0],"faces":{"north":{"uv":[12.0,13.0,14.0,16.0],"texture":"#gibs"},"east":{"uv":[8.0,13.0,12.0,16.0],"texture":"#gibs"},"south":{"uv":[14.0,13.0,16.0,16.0],"texture":"#gibs"},"west":{"uv":[12.0,13.0,8.0,16.0],"texture":"#gibs"},"up":{"uv":[12.0,9.0,14.0,13.0],"texture":"#gibs"},"down":{"uv":[14.0,9.0,16.0,13.0],"texture":"#gibs"}}},{"from":[5.0,8.0,5.0],"to":[11.0,8.0,11.0],"faces":{"up":{"uv":[1.0,9.0,7.0,15.0],"texture":"#gibs"},"down":{"uv":[1.0,9.0,7.0,15.0],"texture":"#gibs","rotation":180}}},{"from":[5.0,3.0,5.0],"to":[11.0,3.0,11.0],"faces":{"up":{"uv":[1.0,1.0,7.0,7.0],"texture":"#gibs"},"down":{"uv":[1.0,1.0,7.0,7.0],"texture":"#gibs","rotation":180}}},{"from":[5.0,3.0,5.0],"to":[5.0,8.0,11.0],"faces":{"east":{"uv":[15.0,2.0,9.0,7.0],"texture":"#gibs"},"west":{"uv":[9.0,2.0,15.0,7.0],"texture":"#gibs"}}},{"from":[11.0,3.0,5.0],"to":[11.0,8.0,11.0],"faces":{"east":{"uv":[15.0,2.0,9.0,7.0],"texture":"#gibs"},"west":{"uv":[9.0,2.0,15.0,7.0],"texture":"#gibs"}}},{"from":[1.0,0.0,1.0],"to":[15.0,2.0,15.0],"faces":{"north":{"uv":[1.0,11.0,15.0,13.0],"texture":"#tray_bottom"},"east":{"uv":[1.0,11.0,15.0,13.0],"texture":"#tray_bottom"},"south":{"uv":[1.0,11.0,15.0,13.0],"texture":"#tray_bottom"},"west":{"uv":[1.0,11.0,15.0,13.0],"texture":"#tray_bottom"},"up":{"uv":[1.0,1.0,15.0,15.0],"texture":"#tray_top"},"down":{"uv":[1.0,1.0,15.0,15.0],"texture":"#tray_bottom","cullface":"down"}}}]}