{"parent":"minecraft:block/block","textures":{"gibs":"farmersdelight:block/roast_chicken_gibs","particle":"farmersdelight:block/tray_top_leftover","tray_top":"farmersdelight:block/tray_top_leftover","tray_bottom":"farmersdelight:block/tray_bottom"},"elements":[{"from":[5.0,7.1,5.0],"to":[11.0,7.1,11.0],"faces":{"up":{"uv":[1.0,9.0,7.0,15.0],"texture":"#gibs"},"down":{"uv":[1.0,9.0,7.0,15.0],"texture":"#gibs","rotation":180}}},{"from":[5.0,2.1,5.0],"to":[11.0,2.1,11.0],"faces":{"up":{"uv":[1.0,1.0,7.0,7.0],"texture":"#gibs"},"down":{"uv":[1.0,1.0,7.0,7.0],"texture":"#gibs","rotation":180}}},{"from":[5.0,2.1,5.0],"to":[5.0,7.1,11.0],"faces":{"east":{"uv":[15.0,2.0,9.0,7.0],"texture":"#gibs"},"west":{"uv":[9.0,2.0,15.0,7.0],"texture":"#gibs"}}},{"from":[11.0,2.1,5.0],"to":[11.0,7.1,11.0],"faces":{"east":{"uv":[15.0,2.0,9.0,7.0],"texture":"#gibs"},"west":{"uv":[9.0,2.0,15.0,7.0],"texture":"#gibs"}}},{"from":[1.0,0.0,1.0],"to":[15.0,2.0,15.0],"faces":{"north":{"uv":[1.0,11.0,15.0,13.0],"texture":"#tray_bottom"},"east":{"uv":[1.0,11.0,15.0,13.0],"texture":"#tray_bottom"},"south":{"uv":[1.0,11.0,15.0,13.0],"texture":"#tray_bottom"},"west":{"uv":[1.0,11.0,15.0,13.0],"texture":"#tray_bottom"},"up":{"uv":[1.0,1.0,15.0,15.0],"texture":"#tray_top"},"down":{"uv":[1.0,1.0,15.0,15.0],"texture":"#tray_bottom","cullface":"down"}}}]}