{"parent":"minecraft:block/block","textures":{"particle":"farmersdelight:block/shepherds_pie_top","top":"farmersdelight:block/shepherds_pie_top","side":"farmersdelight:block/shepherds_pie_side","tray_side":"farmersdelight:block/tray_bottom","inner":"farmersdelight:block/shepherds_pie_inner","tray_top":"farmersdelight:block/tray_pie_leftover"},"elements":[{"from":[1.0,0.0,1.0],"to":[15.0,2.0,15.0],"faces":{"north":{"uv":[1.0,11.0,15.0,13.0],"texture":"#tray_side"},"east":{"uv":[1.0,11.0,15.0,13.0],"texture":"#tray_side"},"south":{"uv":[1.0,11.0,15.0,13.0],"texture":"#tray_side"},"west":{"uv":[1.0,11.0,15.0,13.0],"texture":"#tray_side"},"up":{"uv":[1.0,1.0,15.0,15.0],"texture":"#tray_top"},"down":{"uv":[1.0,1.0,15.0,15.0],"texture":"#tray_side","cullface":"down"}}},{"from":[2.0,2.0,8.0],"to":[14.0,8.0,14.0],"faces":{"north":{"uv":[2.0,10.0,14.0,16.0],"texture":"#inner"},"east":{"uv":[2.0,10.0,8.0,16.0],"texture":"#side"},"south":{"uv":[2.0,10.0,14.0,16.0],"texture":"#side"},"west":{"uv":[8.0,10.0,14.0,16.0],"texture":"#side"},"up":{"uv":[2.0,8.0,14.0,14.0],"texture":"#top"}}}]}