{"parent":"minecraft:block/block","textures":{"tray_side":"farmersdelight:block/tray_bottom","particle":"farmersdelight:block/tray_pie_leftover","tray_top":"farmersdelight:block/tray_pie_leftover"},"elements":[{"from":[1.0,0.0,1.0],"to":[15.0,2.0,15.0],"faces":{"north":{"uv":[1.0,11.0,15.0,13.0],"texture":"#tray_side"},"east":{"uv":[1.0,11.0,15.0,13.0],"texture":"#tray_side"},"south":{"uv":[1.0,11.0,15.0,13.0],"texture":"#tray_side"},"west":{"uv":[1.0,11.0,15.0,13.0],"texture":"#tray_side"},"up":{"uv":[1.0,1.0,15.0,15.0],"texture":"#tray_top"},"down":{"uv":[1.0,1.0,15.0,15.0],"texture":"#tray_side","cullface":"down"}}}]}