{"parent":"minecraft:block/block","textures":{"particle":"farmersdelight:block/stuffed_pumpkin_bottom","bottom":"farmersdelight:block/stuffed_pumpkin_bottom","details":"farmersdelight:block/stuffed_pumpkin_details","side":"farmersdelight:block/stuffed_pumpkin_side","top":"farmersdelight:block/stuffed_pumpkin_top_eaten"},"elements":[{"from":[7.0,3.0,7.0],"to":[9.0,13.0,9.0],"rotation":{"angle":-45.0,"axis":"z","origin":[8.0,4.0,8.0]},"faces":{"north":{"uv":[2.0,3.0,4.0,13.0],"texture":"#details"},"east":{"uv":[2.0,3.0,4.0,13.0],"texture":"#details","rotation":180},"south":{"uv":[2.0,3.0,4.0,13.0],"texture":"#details"},"west":{"uv":[2.0,3.0,4.0,13.0],"texture":"#details","rotation":180},"up":{"uv":[2.0,1.0,4.0,3.0],"texture":"#details"},"down":{"uv":[2.0,1.0,4.0,3.0],"texture":"#details"}}},{"from":[4.0,5.0,4.0],"to":[12.0,7.0,12.0],"faces":{"north":{"uv":[6.0,4.0,14.0,6.0],"texture":"#details","rotation":180},"east":{"uv":[12.0,4.0,14.0,12.0],"texture":"#details","rotation":90},"south":{"uv":[6.0,10.0,14.0,12.0],"texture":"#details"},"west":{"uv":[6.0,4.0,8.0,12.0],"texture":"#details","rotation":270},"up":{"uv":[6.0,4.0,14.0,12.0],"texture":"#details"},"down":{"uv":[6.0,4.0,14.0,12.0],"texture":"#details"}}},{"from":[2.0,0.0,2.0],"to":[14.0,6.0,14.0],"faces":{"north":{"uv":[2.0,10.0,14.0,16.0],"texture":"#side"},"east":{"uv":[2.0,10.0,14.0,16.0],"texture":"#side"},"south":{"uv":[2.0,10.0,14.0,16.0],"texture":"#side"},"west":{"uv":[2.0,10.0,14.0,16.0],"texture":"#side"},"up":{"uv":[2.0,2.0,14.0,14.0],"texture":"#top"},"down":{"uv":[2.0,2.0,14.0,14.0],"texture":"#bottom"}}}]}