{"textures":{"particle":"farmersdelight:block/tatami_mat_even","even":"farmersdelight:block/tatami_mat_even","odd":"farmersdelight:block/tatami_mat_odd","half":"farmersdelight:block/tatami_mat_half","side":"farmersdelight:block/tatami_mat_side"},"elements":[{"from":[0.0,0.0,0.0],"to":[16.0,2.0,16.0],"faces":{"north":{"uv":[0.0,14.0,16.0,16.0],"texture":"#side","rotation":180},"east":{"uv":[0.0,14.0,16.0,16.0],"texture":"#side","rotation":180},"south":{"uv":[0.0,12.0,16.0,14.0],"texture":"#half","rotation":180},"west":{"uv":[0.0,14.0,16.0,16.0],"texture":"#side","rotation":180},"up":{"uv":[0.0,0.0,16.0,16.0],"texture":"#odd","rotation":90},"down":{"uv":[0.0,0.0,16.0,16.0],"texture":"#even","rotation":270}}}]}