{"parent":"minecraft:block/block","textures":{"particle":"farmersdelight:block/tatami_mat_even","even":"farmersdelight:block/tatami_mat_even","odd":"farmersdelight:block/tatami_mat_odd","half":"farmersdelight:block/tatami_mat_half","inner":"farmersdelight:block/tatami_mat_half"},"elements":[{"from":[0.0,0.0,0.0],"to":[16.0,16.0,16.0],"faces":{"north":{"uv":[0.0,0.0,16.0,16.0],"texture":"#even","rotation":270},"east":{"uv":[0.0,0.0,16.0,16.0],"texture":"#odd","rotation":270},"south":{"uv":[0.0,0.0,16.0,16.0],"texture":"#even","rotation":270},"west":{"uv":[0.0,0.0,16.0,16.0],"texture":"#odd","rotation":270},"up":{"uv":[0.0,0.0,16.0,16.0],"texture":"#half"},"down":{"uv":[0.0,0.0,16.0,16.0],"texture":"#inner","rotation":90}}}]}