{"variants":{"distance=1,persistent=false,waterlogged=false":{"model":"farmersdelight:block/chocolate_pie_slice1","y":-90},"distance=1,persistent=true,waterlogged=false":{"model":"farmersdelight:block/chocolate_pie_slice2"},"distance=2,persistent=false,waterlogged=false":{"model":"farmersdelight:block/chocolate_pie_slice2","y":-270},"distance=2,persistent=true,waterlogged=false":{"model":"farmersdelight:block/chocolate_pie_slice2","y":-180},"distance=3,persistent=false,waterlogged=false":{"model":"farmersdelight:block/chocolate_pie_slice2","y":-90},"distance=3,persistent=true,waterlogged=false":{"model":"farmersdelight:block/chocolate_pie_slice3"},"distance=4,persistent=false,waterlogged=false":{"model":"farmersdelight:block/chocolate_pie_slice3","y":-270},"distance=4,persistent=true,waterlogged=false":{"model":"farmersdelight:block/chocolate_pie_slice3","y":-180},"distance=5,persistent=false,waterlogged=false":{"model":"farmersdelight:block/chocolate_pie_slice3","y":-90},"distance=5,persistent=true,waterlogged=false":{"model":"farmersdelight:block/roast_chicken_block_leftover"},"distance=6,persistent=false,waterlogged=false":{"model":"farmersdelight:block/roast_chicken_block_leftover","y":-270},"distance=6,persistent=true,waterlogged=false":{"model":"farmersdelight:block/roast_chicken_block_leftover","y":-180},"distance=7,persistent=false,waterlogged=false":{"model":"farmersdelight:block/roast_chicken_block_leftover","y":-90}}}