{"variants":{"distance=7,persistent=false,waterlogged=false":{"model":"farmersdelight:block/sweet_berry_cheesecake_slice2","y":-270},"distance=6,persistent=true,waterlogged=false":{"model":"farmersdelight:block/sweet_berry_cheesecake_slice2"},"distance=6,persistent=false,waterlogged=false":{"model":"farmersdelight:block/sweet_berry_cheesecake_slice1","y":-90},"distance=5,persistent=true,waterlogged=false":{"model":"farmersdelight:block/sweet_berry_cheesecake_slice1","y":-180},"distance=1,persistent=false,waterlogged=false":{"model":"farmersdelight:block/apple_pie_slice3","y":-270},"distance=3,persistent=false,waterlogged=false":{"model":"farmersdelight:block/sweet_berry_cheesecake","y":-270},"distance=2,persistent=true,waterlogged=false":{"model":"farmersdelight:block/sweet_berry_cheesecake"},"distance=2,persistent=false,waterlogged=false":{"model":"farmersdelight:block/apple_pie_slice3","y":-90},"distance=1,persistent=true,waterlogged=false":{"model":"farmersdelight:block/apple_pie_slice3","y":-180},"distance=5,persistent=false,waterlogged=false":{"model":"farmersdelight:block/sweet_berry_cheesecake_slice1","y":-270},"distance=4,persistent=true,waterlogged=false":{"model":"farmersdelight:block/sweet_berry_cheesecake_slice1"},"distance=4,persistent=false,waterlogged=false":{"model":"farmersdelight:block/sweet_berry_cheesecake","y":-90},"distance=3,persistent=true,waterlogged=false":{"model":"farmersdelight:block/sweet_berry_cheesecake","y":-180}}}