{"variants":{"distance=5,persistent=true,waterlogged=false":{"model":"farmersdelight:block/stuffed_pumpkin_block_stage2","y":-180},"distance=5,persistent=false,waterlogged=false":{"model":"farmersdelight:block/stuffed_pumpkin_block_stage2","y":-270},"distance=6,persistent=true,waterlogged=false":{"model":"farmersdelight:block/stuffed_pumpkin_block_stage1"},"distance=6,persistent=false,waterlogged=false":{"model":"farmersdelight:block/stuffed_pumpkin_block_stage2","y":-90},"distance=3,persistent=true,waterlogged=false":{"model":"farmersdelight:block/stuffed_pumpkin_block_stage3","y":-180},"distance=3,persistent=false,waterlogged=false":{"model":"farmersdelight:block/stuffed_pumpkin_block_stage3","y":-270},"distance=4,persistent=true,waterlogged=false":{"model":"farmersdelight:block/stuffed_pumpkin_block_stage2"},"distance=4,persistent=false,waterlogged=false":{"model":"farmersdelight:block/stuffed_pumpkin_block_stage3","y":-90},"distance=1,persistent=true,waterlogged=false":{"model":"farmersdelight:block/roast_chicken_block_stage0","y":-180},"distance=1,persistent=false,waterlogged=false":{"model":"farmersdelight:block/roast_chicken_block_stage0","y":-270},"distance=2,persistent=true,waterlogged=false":{"model":"farmersdelight:block/stuffed_pumpkin_block_stage3"},"distance=2,persistent=false,waterlogged=false":{"model":"farmersdelight:block/roast_chicken_block_stage0","y":-90},"distance=7,persistent=false,waterlogged=false":{"model":"farmersdelight:block/stuffed_pumpkin_block_stage1","y":-270}}}