{"variants":{"distance=1,persistent=false,waterlogged=false":{"model":"farmersdelight:block/cooking_pot"},"distance=1,persistent=true,waterlogged=false":{"model":"farmersdelight:block/cooking_pot_handle"},"distance=2,persistent=false,waterlogged=false":{"model":"farmersdelight:block/cooking_pot_tray"},"distance=7,persistent=false,waterlogged=false":{"model":"farmersdelight:block/muddy_farmland"},"distance=5,persistent=false,waterlogged=false":{"model":"farmersdelight:block/cooking_pot_tray","y":-180},"distance=5,persistent=true,waterlogged=false":{"model":"farmersdelight:block/cooking_pot","y":-90},"distance=6,persistent=false,waterlogged=false":{"model":"farmersdelight:block/cooking_pot_handle","y":-90},"distance=6,persistent=true,waterlogged=false":{"model":"farmersdelight:block/cooking_pot_tray","y":-90},"distance=2,persistent=true,waterlogged=false":{"model":"farmersdelight:block/cooking_pot","y":-270},"distance=3,persistent=false,waterlogged=false":{"model":"farmersdelight:block/cooking_pot_handle","y":-270},"distance=3,persistent=true,waterlogged=false":{"model":"farmersdelight:block/cooking_pot_tray","y":-270},"distance=4,persistent=false,waterlogged=false":{"model":"farmersdelight:block/cooking_pot","y":-180},"distance=4,persistent=true,waterlogged=false":{"model":"farmersdelight:block/cooking_pot_handle","y":-180}}}