{"variants":{"distance=4,persistent=true,waterlogged=false":{"model":"farmersdelight:block/apple_pie_slice1","y":-90},"distance=5,persistent=false,waterlogged=false":{"model":"farmersdelight:block/apple_pie_slice2"},"distance=3,persistent=true,waterlogged=false":{"model":"farmersdelight:block/apple_pie_slice1","y":-270},"distance=4,persistent=false,waterlogged=false":{"model":"farmersdelight:block/apple_pie_slice1","y":-180},"distance=6,persistent=true,waterlogged=false":{"model":"farmersdelight:block/apple_pie_slice2","y":-90},"distance=7,persistent=false,waterlogged=false":{"model":"farmersdelight:block/apple_pie_slice3"},"distance=5,persistent=true,waterlogged=false":{"model":"farmersdelight:block/apple_pie_slice2","y":-270},"distance=6,persistent=false,waterlogged=false":{"model":"farmersdelight:block/apple_pie_slice2","y":-180},"distance=1,persistent=false,waterlogged=false":{"model":"farmersdelight:block/apple_pie"},"distance=2,persistent=true,waterlogged=false":{"model":"farmersdelight:block/apple_pie","y":-90},"distance=3,persistent=false,waterlogged=false":{"model":"farmersdelight:block/apple_pie_slice1"},"distance=1,persistent=true,waterlogged=false":{"model":"farmersdelight:block/apple_pie","y":-270},"distance=2,persistent=false,waterlogged=false":{"model":"farmersdelight:block/apple_pie","y":-180}}}