{"variants":{"north=false,east=true,south=true,west=false,attached=true,disarmed=true,powered=false":{"model":"farmersdelight:block/tatami_mat_head","y":-360},"north=true,east=true,south=true,west=false,attached=true,disarmed=true,powered=false":{"model":"farmersdelight:block/tatami_mat_head","y":-270},"north=false,east=false,south=false,west=true,attached=true,disarmed=true,powered=false":{"model":"farmersdelight:block/tatami_mat_foot"},"north=true,east=false,south=false,west=true,attached=true,disarmed=true,powered=false":{"model":"farmersdelight:block/tatami_mat_foot","y":-270},"north=false,east=true,south=false,west=true,attached=true,disarmed=true,powered=false":{"model":"farmersdelight:block/tatami_mat_foot","y":-180},"north=true,east=true,south=false,west=true,attached=true,disarmed=true,powered=false":{"model":"farmersdelight:block/tatami_mat_foot","y":-90},"north=false,east=false,south=true,west=true,attached=true,disarmed=true,powered=false":{"model":"farmersdelight:block/tatami_mat_half"},"north=true,east=false,south=true,west=true,attached=true,disarmed=true,powered=false":{"model":"farmersdelight:block/tatami_mat_half","y":-90},"north=false,east=true,south=true,west=true,attached=true,disarmed=true,powered=false":{"model":"farmersdelight:block/canvas_rug"},"north=false,east=false,south=false,west=false,attached=true,disarmed=true,powered=false":{"model":"farmersdelight:block/cutting_board"},"north=true,east=false,south=false,west=false,attached=true,disarmed=true,powered=false":{"model":"farmersdelight:block/cutting_board","y":-270},"north=false,east=true,south=false,west=false,attached=true,disarmed=true,powered=false":{"model":"farmersdelight:block/cutting_board","y":-180},"north=true,east=true,south=false,west=false,attached=true,disarmed=true,powered=false":{"model":"farmersdelight:block/cutting_board","y":-90},"north=false,east=false,south=true,west=false,attached=true,disarmed=true,powered=false":{"model":"farmersdelight:block/tatami_mat_head","y":-180},"north=true,east=false,south=true,west=false,attached=true,disarmed=true,powered=false":{"model":"farmersdelight:block/tatami_mat_head","y":-450},"north=false,east=true,south=false,west=true,attached=false,disarmed=true,powered=false":{"model":"farmersdelight:block/cabbages_stage2"},"north=true,east=true,south=false,west=true,attached=false,disarmed=false,powered=true":{"model":"farmersdelight:block/onions_stage3"},"north=true,east=true,south=false,west=true,attached=false,disarmed=true,powered=false":{"model":"farmersdelight:block/cabbages_stage3"},"north=false,east=false,south=true,west=true,attached=false,disarmed=false,powered=true":{"model":"farmersdelight:block/budding_rice_stage0"},"north=false,east=false,south=false,west=true,attached=false,disarmed=true,powered=false":{"model":"farmersdelight:block/cabbages_stage0"},"north=true,east=false,south=false,west=true,attached=false,disarmed=false,powered=true":{"model":"farmersdelight:block/onions_stage1"},"north=true,east=false,south=false,west=true,attached=false,disarmed=true,powered=false":{"model":"farmersdelight:block/cabbages_stage1"},"north=false,east=true,south=false,west=true,attached=false,disarmed=false,powered=true":{"model":"farmersdelight:block/onions_stage2"},"north=false,east=true,south=true,west=false,attached=false,disarmed=false,powered=true":{"model":"farmersdelight:block/tomatoes_stage2"},"north=false,east=true,south=true,west=false,attached=false,disarmed=true,powered=false":{"model":"farmersdelight:block/wild_beetroots"},"north=true,east=true,south=true,west=false,attached=false,disarmed=false,powered=true":{"model":"farmersdelight:block/tomatoes_stage3"},"north=true,east=true,south=true,west=false,attached=false,disarmed=true,powered=false":{"model":"farmersdelight:block/wild_rice"},"north=false,east=false,south=false,west=true,attached=false,disarmed=false,powered=true":{"model":"farmersdelight:block/onions_stage0"},"north=false,east=false,south=true,west=false,attached=false,disarmed=false,powered=true":{"model":"farmersdelight:block/tomatoes_stage0"},"north=false,east=false,south=true,west=false,attached=false,disarmed=true,powered=false":{"model":"farmersdelight:block/wild_carrots"},"north=true,east=false,south=true,west=false,attached=false,disarmed=false,powered=true":{"model":"farmersdelight:block/tomatoes_stage1"},"north=true,east=false,south=true,west=false,attached=false,disarmed=true,powered=false":{"model":"farmersdelight:block/wild_potatoes"},"north=false,east=true,south=false,west=false,attached=false,disarmed=false,powered=true":{"model":"farmersdelight:block/budding_tomatoes_stage2"},"north=true,east=true,south=false,west=false,attached=false,disarmed=true,powered=true":{"model":"farmersdelight:block/rice_stage3"},"north=false,east=true,south=false,west=false,attached=false,disarmed=true,powered=false":{"model":"farmersdelight:block/wild_onions"},"north=true,east=true,south=false,west=false,attached=false,disarmed=false,powered=true":{"model":"farmersdelight:block/budding_tomatoes_stage3"},"north=true,east=true,south=false,west=false,attached=false,disarmed=true,powered=false":{"model":"farmersdelight:block/wild_tomatoes"},"north=false,east=false,south=false,west=false,attached=false,disarmed=false,powered=true":{"model":"farmersdelight:block/budding_tomatoes_stage0"},"north=true,east=false,south=false,west=false,attached=false,disarmed=true,powered=true":{"model":"farmersdelight:block/rice_stage1"},"north=false,east=false,south=false,west=false,attached=false,disarmed=true,powered=false":{"model":"farmersdelight:block/sandy_shrub"},"north=true,east=false,south=false,west=false,attached=false,disarmed=false,powered=true":{"model":"farmersdelight:block/budding_tomatoes_stage1"},"north=false,east=true,south=false,west=false,attached=false,disarmed=true,powered=true":{"model":"farmersdelight:block/rice_stage2"},"north=true,east=false,south=false,west=false,attached=false,disarmed=true,powered=false":{"model":"farmersdelight:block/wild_cabbages"},"north=false,east=true,south=true,west=true,attached=false,disarmed=true,powered=false":{"model":"farmersdelight:block/cabbages_stage6"},"north=true,east=true,south=true,west=true,attached=false,disarmed=false,powered=true":{"model":"farmersdelight:block/budding_rice_stage3"},"north=true,east=true,south=true,west=true,attached=false,disarmed=true,powered=false":{"model":"farmersdelight:block/cabbages_stage7"},"north=false,east=false,south=false,west=false,attached=false,disarmed=true,powered=true":{"model":"farmersdelight:block/rice_stage0"},"north=false,east=false,south=true,west=true,attached=false,disarmed=true,powered=false":{"model":"farmersdelight:block/cabbages_stage4"},"north=true,east=false,south=true,west=true,attached=false,disarmed=false,powered=true":{"model":"farmersdelight:block/budding_rice_stage1"},"north=true,east=false,south=true,west=true,attached=false,disarmed=true,powered=false":{"model":"farmersdelight:block/cabbages_stage5"},"north=false,east=true,south=true,west=true,attached=false,disarmed=false,powered=true":{"model":"farmersdelight:block/budding_rice_stage2"}}}