{"model":{"type":"minecraft:range_dispatch","property":"minecraft:custom_model_data","entries":[{"threshold":0.0,"model":{"type":"minecraft:model","model":"farmersdelight:item/gui/progress/arrow/0"}},{"threshold":0.045454545454545456,"model":{"type":"minecraft:model","model":"farmersdelight:item/gui/progress/arrow/1"}},{"threshold":0.09090909090909091,"model":{"type":"minecraft:model","model":"farmersdelight:item/gui/progress/arrow/2"}},{"threshold":0.13636363636363635,"model":{"type":"minecraft:model","model":"farmersdelight:item/gui/progress/arrow/3"}},{"threshold":0.18181818181818182,"model":{"type":"minecraft:model","model":"farmersdelight:item/gui/progress/arrow/4"}},{"threshold":0.22727272727272727,"model":{"type":"minecraft:model","model":"farmersdelight:item/gui/progress/arrow/5"}},{"threshold":0.2727272727272727,"model":{"type":"minecraft:model","model":"farmersdelight:item/gui/progress/arrow/6"}},{"threshold":0.3181818181818182,"model":{"type":"minecraft:model","model":"farmersdelight:item/gui/progress/arrow/7"}},{"threshold":0.36363636363636365,"model":{"type":"minecraft:model","model":"farmersdelight:item/gui/progress/arrow/8"}},{"threshold":0.4090909090909091,"model":{"type":"minecraft:model","model":"farmersdelight:item/gui/progress/arrow/9"}},{"threshold":0.45454545454545453,"model":{"type":"minecraft:model","model":"farmersdelight:item/gui/progress/arrow/10"}},{"threshold":0.5,"model":{"type":"minecraft:model","model":"farmersdelight:item/gui/progress/arrow/11"}},{"threshold":0.5454545454545454,"model":{"type":"minecraft:model","model":"farmersdelight:item/gui/progress/arrow/12"}},{"threshold":0.5909090909090909,"model":{"type":"minecraft:model","model":"farmersdelight:item/gui/progress/arrow/13"}},{"threshold":0.6363636363636364,"model":{"type":"minecraft:model","model":"farmersdelight:item/gui/progress/arrow/14"}},{"threshold":0.6818181818181818,"model":{"type":"minecraft:model","model":"farmersdelight:item/gui/progress/arrow/15"}},{"threshold":0.7272727272727273,"model":{"type":"minecraft:model","model":"farmersdelight:item/gui/progress/arrow/16"}},{"threshold":0.7727272727272727,"model":{"type":"minecraft:model","model":"farmersdelight:item/gui/progress/arrow/17"}},{"threshold":0.8181818181818182,"model":{"type":"minecraft:model","model":"farmersdelight:item/gui/progress/arrow/18"}},{"threshold":0.8636363636363636,"model":{"type":"minecraft:model","model":"farmersdelight:item/gui/progress/arrow/19"}},{"threshold":0.9090909090909091,"model":{"type":"minecraft:model","model":"farmersdelight:item/gui/progress/arrow/20"}},{"threshold":0.9545454545454546,"model":{"type":"minecraft:model","model":"farmersdelight:item/gui/progress/arrow/21"}},{"threshold":1.0,"model":{"type":"minecraft:model","model":"farmersdelight:item/gui/progress/arrow/22"}}]}}