{"textures":{"particle":"#layer0"},"elements":[{"from":[-3.0,-3.0,7.0],"to":[19.0,19.0,7.0],"rotation":{"angle":0.0,"axis":"y","origin":[-3.0,-3.0,7.0]},"faces":{"east":{"uv":[0.0,0.0,0.0,16.0],"texture":"#missing"},"south":{"uv":[0.0,0.0,16.0,16.0],"texture":"#layer0"},"west":{"uv":[0.0,0.0,0.0,16.0],"texture":"#missing"},"up":{"uv":[0.0,0.0,16.0,0.0],"texture":"#missing"},"down":{"uv":[0.0,0.0,16.0,0.0],"texture":"#missing"}}}],"gui_light":"front","display":{"thirdperson_righthand":{"translation":[0.0,3.0,1.0],"scale":[0.55,0.55,0.55]},"thirdperson_lefthand":{"translation":[0.0,3.0,1.0],"scale":[0.55,0.55,0.55]},"firstperson_righthand":{"rotation":[0.0,-90.0,25.0],"translation":[1.13,3.2,1.13],"scale":[0.68,0.68,0.68]},"firstperson_lefthand":{"rotation":[0.0,-90.0,25.0],"translation":[1.13,3.2,1.13],"scale":[0.68,0.68,0.68]},"ground":{"translation":[0.0,2.0,0.0],"scale":[0.5,0.5,0.5]},"head":{"rotation":[0.0,180.0,0.0],"translation":[0.0,13.0,7.0]},"fixed":{"rotation":[0.0,180.0,0.0]}}}